64,"GID Address In Service",SM_GID_IN_SERVICE,0,1,1,1,0,0,1,0,10,0,0,Info,1,300,0,Port,"GID Address In Service: prefix %(prefix)016x,guid %(guid)016x",Fabric Notification,0,"New GID is connected to the Fabric",
65,"GID Address Out of Service",SM_GID_OUT_OF_SERVICE,0,1,1,1,0,0,1,0,10,1,1,Warning,1,300,0,Port,"GID Address Out of Service: prefix %(prefix)016x,guid %(guid)016x",Fabric Notification,0,"Existing GID is disconnected from the Fabric",
66,"New MCast Group Created",SM_MCAST_GROUP_CREATED,0,1,1,1,0,0,1,0,11,0,0,Info,1,300,0,Port,"New MCast group is created: %(prefix)016x, %(pkey)08x",Fabric Notification,0,"New Multicast Group is created in SM",
67,"MCast Group Deleted",SM_MCAST_GROUP_DELETED,0,1,1,1,0,0,1,0,11,0,0,Info,1,300,0,Port,"Mcast group is deleted: %(prefix)016x, %(pkey)08x",Fabric Notification,0,"Multicast Group is removed from SM",
110,"Symbol Error",PM_SYMBOLERROR,1,1,1,1,0,0,1,0,4,1,1,Warning,200,300,0,Port,"Symbol-Error counter rate threshold exceeded. Threshold is %d, received value is %d. Peer info: %s.",Hardware,0,"Total number of minor link errors detected on one or more physical lanes",
111,"Link Error Recovery",PM_LINKERRORRECOVERY,1,1,1,1,0,0,1,0,4,1,1,Minor,1,300,0,Port,"Link-Error-Recovery counter rate threshold exceeded. Threshold is %d, received value is %d. Peer info: %s.",Hardware,0,"Total number of times the Port Training state machine has successfully completed the link error recovery process",
112,"Link Downed",PM_LINKDOWNEDCOUNTER,1,1,1,1,0,0,1,0,5,1,1,Warning,0,300,0,Port,"Link-Downed counter delta threshold exceeded. Threshold is %d, calculated delta is %d. Peer info: %s.",Hardware,0,"Total number of times the Port Training state machine has failed the link error recovery process and downed the link",
113,"Port Receive Errors",PM_PORTRCVERRORS,1,1,1,1,0,0,1,0,4,1,1,Warning,5,300,0,Port,"PortRcvErrors counter rate threshold exceeded. Threshold is %d, received value is %d. Peer info: %s.",Hardware,0,"Total number of packets containing an error that were received on a port",
114,"Port Receive Remote Physical Errors",PM_PORTRCVREMOTEPHYSICALERRORS,1,1,1,1,0,0,1,0,4,1,0,Minor,5,300,0,Port,"PortRcvRemotePhysicalErrors counter rate threshold exceeded. Threshold is %d, received value is %d. Peer info: %s.",Hardware,0,"Total number of packets marked with the EBP delimiter received on the port",
115,"Port Receive Switch Relay Errors",PM_PORTRCVSWITCHRELAYERRORS,1,1,1,1,0,0,1,0,7,1,1,Minor,9999,300,0,Port,"PortRcvSwitchRelayErrors counter rate threshold exceeded. Threshold is %d, received value is %d. Peer info: %s.",Fabric Configuration,0,"Total number of packets received on the port that were discarded because they could not be forwarded by the switch relay",
116,"Port Xmit Discards",PM_PORTXMITDISCARDS,1,1,1,1,0,0,1,0,3,1,1,Minor,200,300,0,Port,"PortXmitDiscards counter rate threshold exceeded. Threshold is %s received value is %d. Peer info: %s.",Communication Error,0,"Total number of outbound packets discarded by the port when the port is down or congested",
117,"Port Xmit Constraint Errors",PM_PORTXMITCONSTRAINTERRORS,1,1,1,1,0,0,1,0,3,1,1,Minor,200,300,0,Port,"PortXmitConstraintErrors counter rate threshold exceeded. Threshold is %d, received value is %d. Peer info: %s.",Communication Error,0,"Total number of packets not transmitted from the switch physical port",
118,"Port Receive Constraint Errors",PM_PORTRCVCONSTRAINTERRORS,1,1,1,1,0,0,1,0,3,1,1,Minor,200,300,0,Port,"PortRcvConstraintErrors counter rate threshold exceeded. Threshold is %d, received value is %d. Peer info: %s.",Communication Error,0,"Port Receive Constraint Errors",
119,"Local Link Integrity Errors",PM_LOCALLINKINTEGRITYERRORS,1,1,1,1,0,0,1,0,4,1,1,Minor,5,300,0,Port,"LocalLinkIntegrityErrors counter rate threshold exceeded. Threshold is %d, received value is %d. Peer info: %s.",Hardware,0,"The number of times that the frequency of packets containing local physical errors has exceeded LocalPhyErrors",
120,"Excessive Buffer Overrun Errors",PM_EXCESSIVEBUFFEROVERRUNERRORS,1,1,1,1,0,1,0,0,3,1,1,Warning,1,300,0,Port,"ExcessiveBufferOverrunErrors counter rate threshold exceeded. Threshold is %d, received value is %d. Peer info: %s.",Communication Error,0,"The number of times that OverrunErrors consecutive flow control update periods occurred, each having at least one overrun error",
121,"VL15 Dropped",PM_VL15DROPPED,1,1,1,1,0,0,1,0,1,1,1,Minor,50,300,0,Port,"VL15Dropped counter rate threshold exceeded. Threshold is %d, received value is %d. Peer info: %s.",Communication Error,0,"Number of incoming VL15 packets dropped because of resource limitations in the port",
122,"Congested Bandwidth (%) Threshold Reached",PM_XMITWAITERROR,1,1,1,1,0,0,1,0,4,1,1,Minor,10,300,0,Port,"Congested Bandwidth (in percents) threshold exceeded. Threshold is %d, received value is %d. Peer info: %s.",Communication Error,0,"Percent of Congested Bandwidth has exceeded defined threshold",
123,"Port Bandwidth (%) Threshold Reached",PM_BWXMITTHR,1,1,1,1,0,0,1,0,4,1,1,Minor,95,300,0,Port,"Port Normalized Transmit BW counter threshold exceeded. Threshold is %d, received value is %d. Peer info: %s.",Communication Error,0,"Percent of Port Transmit Bandwidth has exceeded defined threshold",
130,"Non-optimal link width",PHY_NON_OPTIMAL_WIDTH,0,1,1,1,0,0,1,0,5,1,1,Minor,1,0,0,Port,"Found a %s link that operates in %s width mode.",Hardware,0,"Non-optimal link width",
134,"T4 Port Congested Bandwidth",PM_T4XMITWAITERROR,1,1,1,1,0,0,1,0,12,1,1,Warning,10,300,0,Port,"T4 Congested Bandwidth (in percents) threshold exceeded. Threshold is %s received value is %s. Peer info: %s.",Communication Error,0,"Percent of T4 Port Congested Bandwidth has exceeded defined threshold",
141,"Flow Control Update Watchdog Timer Expired",SM_WATCHDOG_TIMER_EXPIRED,0,1,1,1,0,1,0,0,10,1,1,Warning,1,300,0,Port,"Flow Control Update watchdog timer has expired: lid %(lid)d, port #%(portn)d",Hardware,0,"SM Trap. The error indicates a failure of the flow control machine at the other end of the link. If the timer expires without receiving an update, a flow control update error has occurred",
144,"Capability Mask Modified",SM_CAPABILITY_MASK_CHANGED,0,1,1,0,0,0,1,0,10,0,0,Info,1,300,0,Port,"Capability Mask Modified: lid %(lid)d, mask 0x%(mask)08x",Fabric Notification,0,"Capability Mask of the specific LID is modified",
145,"System Image GUID changed",SM_SYS_IMAGE_GUID_CHANGED,0,1,1,1,0,0,1,0,10,1,1,Info,1,300,0,Port,"System Image GUID is changed: %(lid)d, %(systemguid)016x",Communication Error,0,"System GUID is changed for the specific LID",
156,"Link Speed Enforcement Disabled",LINK_SPEED_ENFORCEMENT_DISABLED,0,0,1,1,0,0,1,0,10,0,0,Critical,0,300,0,Site,"Ethernet Gateway(s) identified - Link speed enforcement is disabled in the fabric. Restart the Ethernet Gateway(s) for change to take effect.",Fabric Notification,0,"Link speed enforcement is disabled in the fabric",
250,"Running in Limited Mode",RUNNING_IN_LIMITED_MODE,0,0,1,1,0,0,1,0,75,1,1,Critical,1,0,0,Grid,"%s License has expired %s days ago! UFM is now running in Limited Mode!",Maintenance,0,"Running in Limited Mode",
251,"Switching to Limited Mode",SWITCHING_LIMITED_MODE,0,0,1,1,0,0,1,0,75,1,1,Critical,1,0,0,Grid,"%s License has expired %s days ago! UFM will switch to limited mode in %s days!",Maintenance,0,"Switching to Limited Mode",
252,"License Expired",UFM_LICENSE_EXPIRED,0,0,1,1,0,0,1,0,75,1,1,Warning,1,0,0,Grid,"%s License has expired. Please restart UFM server",Maintenance,0,"License has expired",
253,"Duplicated licenses",UFM_LICENSE_DUPLICATED,0,0,1,1,0,0,1,0,75,1,0,Critical,1,0,0,Grid,"Duplicate Serial Number %s detected on installed licenses. Please refer to your system vendor representative to update your license",Maintenance,0,"Duplicate Serial Number is detected on installed licenses",
254,"License Limit Exceeded",UFM_LICENSE_LIMIT,0,0,1,1,0,0,1,0,75,1,0,Critical,1,0,0,Grid,"Managed fabric size %s. Please refer to your system vendor representative to update your license.",Maintenance,0,"Managed fabric size has exceeded size permitted by license",
255,"License is About to Expire",UFM_LICENSE_EXPIRATION_DATE,0,0,1,1,0,0,1,0,75,1,0,Warning,1,0,0,Grid,"UFM license subscription is going to expire in %s days",Maintenance,0,"License has expired",
256,"Bad M_Key",SM_BAD_MKEY,0,1,1,1,0,1,0,0,10,0,0,Minor,1,300,0,Port,"Bad M_Key: mkey %(mkey)08x from lid %(slid)d  trap %(trap_id)d",Security,0,"Found bad Management key. Check your HCA driver or partition settings. Management Key: Enforces the control of a master subnet manager",
257,"Bad P_Key",SM_BAD_PKEY,0,1,1,1,0,1,0,0,10,0,0,Minor,1,300,0,Port,"Bad P_Key: pkey %(pkey)08x from port1(lid %(lid1)d, GID %(prefix_guid1)x%(guid1)x) to port2(lid %(lid2)d GID %(prefix_guid2)x%(guid2)x)",Security,0,"Found a bad Partition key. Check your partitioning settings. Partition Key: Enforces membership. Administered through the subnet manager by the partition manager (PM).",
258,"Bad Q_Key",SM_BAD_QKEY,0,1,1,1,0,1,0,0,10,0,0,Minor,1,300,0,Port,"Bad Q_Key: qkey %(qkey)08x from port1(lid %(lid1)d, GID %(prefix_guid1)x%(guid1)x) to port2(lid %(lid2)d GID %(prefix_guid2)x%(guid2)x)",Security,0,"Found bad Queue key. Security error. Queue Key: Enforces access rights for reliable and unreliable datagram service (RAW datagram service type not included)",
259,"Bad P_Key Switch External Port",SM_BAD_PKEY_EXT,0,1,1,1,0,1,0,0,7,0,0,Minor,1,300,0,Port,"Bad P_Key switch external port: pkey %(pkey)08x from lid %(lid1)d GID %(prefix_guid1)x%(guid1)x to lid %(lid2)d GID %(prefix_guid2)x%(guid2)x at switch lid %(switchlid)d on external port %(portn)d",Security,0,"Found a bad Partition key. Check your partitioning settings. Partition Key: Enforces membership. Administered through the subnet manager by the partition manager (PM)",
271,"ISBL LAG Port Up",ISBL_LAG_PORT_UP,0,2,1,1,0,0,1,0,10,0,0,Info,1,0,0,Port,"ISBL %s LAG port up",Fabric Notification,0,"ISBL LAG Port Up",
272,"ISBL LAG Port Down",ISBL_LAG_PORT_DOWN,0,2,0,1,0,0,1,0,10,0,0,Critical,1,0,0,Port,"ISBL %s LAG port down",Fabric Notification,0,"ISBL LAG Port Down",
273,"LAG Port Up",LAG_PORT_UP,0,2,1,1,0,0,1,0,10,0,0,Info,1,0,0,Port,"LAG %s port up",Fabric Notification,0,"LAG Port Up",
274,"LAG Port Down",LAG_PORT_DOWN,0,2,0,1,0,0,1,0,10,0,0,Warning,1,0,0,Port,"LAG %s port down",Fabric Notification,0,"LAG Port Down",
275,"Port Up",PORT_UP,0,2,1,1,0,0,1,0,10,0,0,Info,1,0,0,Port,"Port %s up",Fabric Notification,0,"Port Up",
276,"Port Down",PORT_DOWN,0,2,0,1,0,0,1,0,10,0,0,Warning,1,0,0,Port,"Port %s down",Fabric Notification,0,"Port Down",
277,"Port of LAG Up",PORT_OF_LAG_UP,0,2,1,1,0,0,1,0,10,0,0,Info,1,0,0,Port,"Port %s of LAG up",Fabric Notification,0,"Port of LAG Up",
278,"Port of LAG Down",PORT_OF_LAG_DOWN,0,2,0,1,0,0,1,0,10,0,0,Warning,1,0,0,Port,"Port %s of LAG down",Fabric Notification,0,"Port of LAG Down",
279,"Port of ISBL Up",PORT_OF_ISBL_UP,0,2,1,1,0,0,1,0,10,0,0,Info,1,0,0,Port,"Port %s of ISBL up",Fabric Notification,0,"Port of ISBL Up",
280,"Port of ISBL Down",PORT_OF_ISBL_DOWN,0,2,0,1,0,0,1,0,10,0,0,Warning,1,0,0,Port,"Port %s of ISBL down",Fabric Notification,0,"Port of ISBL Down",
301,"Logical Server State Changed",STATE_CHANGED,0,0,1,1,0,0,1,0,11,0,0,Info,1,0,0,LogicalServer,"Logical %s changed state from %s to %s",Logical Model,0,"Logical Server state is changed",
302,"Logical Server State Change Failed",WORKFLOW_FAILED,0,0,1,1,0,0,1,0,10,0,0,Minor,1,0,0,LogicalServer,"Logical %s failed to changed state from %s to %s",Logical Model,0,"Indicates error in Logical Server state change. This error might be caused by any error condition related to the Logical Server resources allocation",
306,"Logical Server Added",LS_ADDED,0,0,1,1,0,0,1,0,10,0,0,Info,1,0,0,LogicalServer,"Logical %s %s is added",Logical Model,0,"New Logical Server or Logical Servers Group is created",
307,"Logical Server Removed",LS_REMOVED,0,0,1,1,0,0,1,0,10,0,0,Info,1,0,0,LogicalServer,"Logical %s %s is removed",Logical Model,0,"Logical Server or Logical Servers Group is deleted",
308,"Logical Server Resources Allocated",LS_RES_ALLOC,0,0,1,1,0,0,1,0,10,0,0,Info,1,0,0,LogicalServer,"Logical %s allocated %d Resources",Logical Model,0,"New resources are allocated to the Logical Server",
312,"Compute Resource Released",COMPUTE_FREE,0,0,1,1,0,0,1,0,10,0,0,Info,1,0,0,LogicalServer,"Compute Resource %s is released",Logical Model,0,"A resource is released from the Logical Server",
313,"Compute Resource Allocated",COMPUTE_ALLOC,0,0,1,1,0,0,1,0,11,0,0,Info,1,0,0,LogicalServer,"Compute Resource %s is allocated",Logical Model,0,"A resource is allocated to the Logical Server",
314,"Logical Server Additional Resources Allocated",LS_MORE_RES_ALLOC,0,0,1,1,0,0,1,0,11,0,0,Info,1,0,0,LogicalServer,"Logical %s allocated %d Additional Resources",Logical Model,0,"Additional resources are allocated to the Logical Server",
315,"Logical Server Resources Released",LS_RES_RELEASE,0,0,1,1,0,0,1,0,11,0,0,Info,1,0,0,LogicalServer,"Logical %s released %d Resources",Logical Model,0,"Resources were released from the Logical Server",
316,"Logical Server Compute Resource is Down",COMPUTE_FAILED,0,0,0,1,0,0,1,0,57,1,1,Critical,1,0,0,LogicalServer,"Logical %s Compute Resource %s is Down",Logical Model,0,"An allocated resource is Down or Disconnected",
317,"Logical Server Compute Resource is Up",COMPUTE_OK,0,0,0,1,0,0,1,0,58,1,1,Info,1,0,0,LogicalServer,"Logical %s Compute Resource %s is Up",Logical Model,0,"An allocated resources is Up or Connected back",
328,"Link is Up",LINK_UP,0,0,1,1,0,0,1,0,10,0,0,Info,1,0,0,Site,"Link is up: %s ",Fabric Topology,0,"Event is sent upon discovery of a new link",
329,"Link is Down",LINK_DOWN,0,0,1,1,0,0,1,0,10,0,0,Warning,1,0,0,Site,"Link went down: %s ",Fabric Topology,0,"Event is sent when exiting link is removed",
331,"Node is Down",NODE_FAILURE,0,0,1,1,0,0,1,0,10,0,0,Warning,1,0,0,Site,"Site configuration changes: %s node is Down",Fabric Topology,0,"Node is disconnected or down",
332,"Node is Up",NODE_OK,0,0,1,1,0,0,1,0,10,0,0,Info,1,300,0,Site,"Site configuration changes: %s node is Up",Fabric Topology,0,"Node is connected or up",
336,"Port Action Succeeded",NODE_PORT_ACTION_OK,0,0,1,1,0,0,1,0,10,0,0,Info,1,0,0,Port,"Port %s action %s succeeded",Maintenance,0,"Port Management Action (reset, disable) succeeded",
337,"Port Action Failed",NODE_PORT_ACTION_FAIL,0,0,0,1,0,0,1,0,10,0,0,Minor,1,0,0,Port,"Port %s action %s failed",Maintenance,0,"Port Management Action (reset, disable) failed",
338,"Device Action Succeeded",DEVICE_ACTION_OK,0,0,1,1,0,0,1,0,10,0,0,Info,1,0,0,Port,"Action %s on device %s(%s) succeeded",Maintenance,0,"Device Management Action succeeded",
339,"Device Action Failed",DEVICE_ACTION_FAIL,0,0,0,1,0,0,1,0,10,0,0,Minor,1,0,0,Port,"Action %s on device %s(%s) failed",Maintenance,0,"Device Management Action failed",
340,"Network Interface Added",UFM_IFC_ADDED,0,0,1,1,0,0,1,0,10,0,0,Info,1,0,0,LogicalServer,"Network Interface %s is added",Logical Model,0,"New Network Interface is created",
341,"Network Interface Removed",UFM_IFC_REMOVED,0,0,1,1,0,0,1,0,10,0,0,Info,1,0,0,LogicalServer,"Network Interface %s is removed",Logical Model,0,"Network Interface is deleted",
344,"Partial Switch ASIC Failure",PARTIAL_SWITCH_ASIC_FAILURE,0,1,1,1,0,0,1,0,10,1,1,Critical,1,0,0,Switch,"Number of switch unhealthy ports exceeded the defined threshold which is (%d) percent of the total switch ports.",Maintenance,0,"Number of unhealthy ports threshold of total number of switch ports was exceeded.",
350,"Environment Added",ENV_ADDED,0,0,0,1,0,0,1,0,10,0,0,Info,1,0,0,Environment,"Environment %s is added",Logical Model,0,"New Logical Environment is created",
351,"Environment Removed",ENV_REMOVED,0,0,0,1,0,0,1,0,10,0,0,Info,1,0,0,Environment,"Environment %s is removed",Logical Model,0,"Logical Environment is deleted",
352,"Network Added",NET_ADDED,0,0,0,1,0,0,1,0,10,0,0,Info,1,0,0,Network,"Network %s is added",Logical Model,0,"New Network is created",
353,"Network Removed",NET_REMOVED,0,0,0,1,0,0,1,0,10,0,0,Info,1,0,0,Network,"Network %s is removed",Logical Model,0,"Network is deleted",
358,"VMM bad access credentials",VMM_BAD_AC,0,2,1,1,0,0,1,0,9,1,1,Warning,1,300,0,Site,"VMM %s bad access credentials",Communication Error,0,"VMM bad access credentials",
359,"VM Created",VM_CREATED,0,2,1,1,0,0,1,0,10,0,0,Info,1,300,0,Site,"Site configuration changes: VM %s Created",Fabric Topology,0,"VM Created",
360,"VM Removed",VM_REMOVED,0,2,1,1,0,0,1,0,10,0,0,Info,1,300,0,Site,"Site configuration changes: VM %s Removed",Fabric Topology,0,"VM Removed",
361,"VMM is Down",VMM_IS_DOWN,0,2,1,1,0,0,1,0,10,0,0,Warning,1,0,0,Site,"Site configuration changes: VMM %s is Down",Fabric Topology,0,"VMM is Down",
362,"VMM is Up",VMM_IS_UP,0,2,1,1,0,0,1,0,10,0,0,Info,1,300,0,Site,"Site configuration changes: VMM %s is Up",Fabric Topology,0,"VMM is Up",
364,"VM state changed",VM_STATE_CHANGED,0,2,1,1,0,0,1,0,10,0,0,Info,1,300,0,Site,"Site configuration changes: VM %s state changed",Fabric Topology,0,"VM state changed",
365,"VM is Down",VM_IS_DOWN,0,2,1,1,0,0,1,0,10,0,0,Info,1,0,0,Site,"Site configuration changes: VM %s is Down",Fabric Topology,0,"VM is Down",
366,"VM is Up",VM_IS_UP,0,2,1,1,0,0,1,0,10,0,0,Info,1,300,0,Site,"Site configuration changes: VM %s is Up",Fabric Topology,0,"VM is Up",
367,"VM migration failed",VM_MIGRATION_FAILED,0,2,1,1,0,0,1,0,10,0,0,Info,1,300,0,Site,"Site configuration changes: VM %s migration failed",Fabric Topology,0,"VM migration failed",
368,"VM has been migrated",VM_HAS_MIGRATED,0,2,1,1,0,0,1,0,10,0,0,Info,1,300,0,Site,"Site configuration changes: VM %s has been migrated",Fabric Topology,0,"VM has been migrated",
369,"VM alarm status has changed",VM_ALARM_STATUS_CHANGED,0,2,1,1,0,0,1,0,10,0,0,Warning,1,300,0,Site,"Site configuration changes: VM %s alarm status changed",Fabric Topology,0,"VM alarm status has changed",
370,"Gateway Ethernet Link State Changed",GW_VOL10G_LINK_ETH_STATE,0,1,1,1,0,0,1,0,10,0,0,Warning,1,0,0,Gateway,"Ethernet port %d: link has changed its state to %s",Gateway,0,"Gateway Ethernet Physical link has changed state",
371,"Gateway Re-register Event Received",GW_VOL10G_IPR_SMREGISTER_TO_EVENTS,0,1,1,1,0,0,1,0,10,0,0,Warning,1,0,0,Gateway,"Gateway received a re-register event from the SM. Total number of re-register events during uptime: %d",Gateway,0,"10GbE Gateway received a re-register event from the SM.",
372,"Number of Gateways is Changed",GW_VOL10G_NUM_ROUTERS_CHANGE,0,1,1,1,0,0,1,0,10,0,0,Warning,1,0,0,Gateway,"Change in the number of 10GbE Gateways has been detected in interface %s new number is %s",Gateway,0,"Change in the number of 10GbE Gateways has been detected",
373,"Gateway will be Rebooted",GW_VOL10G_IPR_GOING_TO_REBOOT,0,1,1,1,0,0,1,0,10,0,0,Warning,1,0,0,Gateway,"Gateway is about to reboot. Reason is %s",Gateway,0,"10GbE Gateway is about to reboot",
374,"Gateway Reloading Finished",GW_VOL10G_IPR_FINISHED_TO_LOAD,0,1,1,1,0,0,1,0,10,0,0,Info,1,0,0,Gateway,"10GbE Gateway %s has finished reloading",Gateway,0,"10GbE Gateway has finished reloading",
375,"Vcenter is Down ",VCENTER_IS_DOWN,0,2,1,1,0,0,1,0,9,1,1,Warning,1,300,0,Site,"Vcenter %s is down",Communication Error,0,"Vcenter is Down ",
376,"Vcenter bad access credentials ",VCENTER_BAD_AC,0,2,1,1,0,0,1,0,9,1,1,Warning,1,300,0,Site,"Vcenter %s bad access credentials",Communication Error,0,"Vcenter bad access credentials ",
380,"Switch Upgrade Error",FW_UPGRADE_FAILED,0,1,1,1,0,0,1,0,10,1,1,Critical,1,0,0,Switch,"Firmware upgrade on switch %s (%s) failed",Maintenance,0,"Firmware upgrade on switch has failed",
381,"Switch Upgrade Error",SW_UPGRADE_FAILED,0,1,1,1,0,0,1,0,10,1,1,Critical,1,0,0,Switch,"Software upgrade on switch %s (%s) failed",Maintenance,0,"Software upgrade on switch has failed",
383,"Host Upgrade Failed",HOST_UPGRADE_FAILED,0,1,1,1,0,0,1,0,10,1,1,Warning,1,0,0,Computer,"Host Upgrade for %s failed - See UFM and host (/var/log/messages) logs",Maintenance,0,"Host Upgrade has failed",
384,"Switch Module Powered Off",MODULE_STATUS_POWERED_OFF,0,0,1,1,0,0,1,0,55,1,1,Info,1,420,0,Switch,"Module %s %s on %s(%s) status is %s",Module Status,0,"Module status Powered Off",
385,"Switch FW Upgrade Started",SW_FW_UPGRADE_STARTED,0,1,1,1,0,0,1,0,10,0,0,Info,1,0,0,Switch,"Switch FW upgrade for %s has started",Maintenance,0,"Switch FW Upgrade process has started",
386,"Switch SW Upgrade Started",SW_SW_UPGRADE_STARTED,0,1,1,1,0,0,1,0,10,0,0,Info,1,0,0,Switch,"Switch SW upgrade for %s has started",Maintenance,0,"Switch SW Upgrade process has started",
387,"Switch Upgrade Finished",SW_UPGRADE_FINISHED,0,1,1,1,0,0,1,0,10,0,0,Info,1,0,0,Switch,"Switch upgrade for %s finished",Maintenance,0,"Switch Upgrade Finished",
388,"Host FW Upgrade Started",HOST_FW_UPGRADE_STARTED,0,1,1,1,0,0,1,0,10,0,0,Info,1,0,0,Computer,"Host FW upgrade for %s has started",Maintenance,0,"Host FW Upgrade process has started",
389,"Host OFED Upgrade Started",HOST_SW_UPGRADE_STARTED,0,1,1,1,0,0,1,0,10,0,0,Info,1,0,0,Computer,"Host OFED upgrade for %s has started",Maintenance,0,"Host SW Upgrade process has started",
382,"Module status NOT PRESENT",MODULE_STATUS_NOT_PRESENT,0,0,1,1,0,0,1,0,53,1,1,Warning,1,420,0,Switch,"Module %s %s on %s(%s) status is %s",Module Status,0,"Module status NOT PRESENT",
391,"Switch Module Removed",SWITCH_MODULE_REMOVED,0,0,1,1,0,0,1,0,10,1,0,Info,1,0,0,Switch,"Module %s %s was removed from switch %s",Fabric Notification,0,"Module (line card, FAN or PS) is removed from the switch",
392,"Module Temperature Threshold Reached",MODULE_TEMPERATURE_EXCESS,1,0,1,1,0,1,0,0,10,1,1,Minor,60,300,0,Module,"Module Temperature threshold was exceeded. Threshold is %d, received value is %d.",Hardware,0,"Temperature detected by module sensor is too high, has exceeded the defined threshold",
393,"Switch Module Added",SWITCH_MODULE_ADDED,0,0,1,1,0,0,1,0,10,1,0,Info,1,0,0,Switch,"Module %s %s was added to switch %s",Fabric Notification,0,"Switch Module Added",
394,"Module status FAULT",MODULE_STATUS_FAULT,0,0,1,1,0,0,1,0,55,1,1,Critical,1,420,0,Switch,"Module %s %s on %s(%s) status is %s",Module Status,0,"Module status FAULT",
395,"Device Action Started",DEVICE_ACTION_STARTED,0,0,1,1,0,0,1,0,10,0,0,Info,1,0,0,Port,"Action %s started on device %s(%s)",Maintenance,0,"Device Action Started",
396,"Site Action Started",SITE_ACTION_STARTED,0,0,1,1,0,0,1,0,10,0,0,Info,1,0,0,Port,"Action %s started on site %s",Maintenance,0,"Site Action Started",
397,"Site Action Failed",SITE_ACTION_FAIL,0,0,0,1,0,0,1,0,10,0,0,Minor,1,0,0,Port,"Action %s on site %s failed",Maintenance,0,"Site Action Failed",
398,"Switch Chip Added",SWITCH_CHIP_ADDED,0,0,1,1,0,0,1,0,10,1,0,Info,1,0,0,Switch,"Chip %s on module %s %s was added to switch %s",Fabric Notification,0,"Switch Chip Added",
399,"Switch Chip Removed",SWITCH_CHIP_REMOVED,0,0,1,1,0,0,1,0,10,1,0,Critical,1,0,0,Switch,"Chip %s on module %s %s was removed from switch %s",Fabric Notification,0,"Switch Chip Removed",
403,"Device Pending Reboot",DEVICE_PENDING_REBOOT,0,0,1,1,0,1,0,0,10,1,1,Warning,0,300,0,Device,"The device software has been updated. Please reboot the device for changes to take effect. The current version is %s, upon next boot, the version will be %s.",Maintenance,0,"Reboot device after software updated",
404,"System Information is missing",SYS_INFO_MISSING,0,1,1,1,0,0,1,0,72,1,1,Warning,1,300,0,Switch,"Could not retrieve system information for switch %s: %s.",Communication Error,0,"System Information for switch is missing",
405,"Switch Identity Validation Failed",SWITCH_IDENTITY_VALIDATION_FAILED,0,1,1,1,0,0,1,0,77,1,1,Warning,1,300,0,Switch,"Identity Validation failed for switch %s: Identity found (%s) does not match device ID (%s).",Communication Error,0,"System Information for switch is missing",
406,"Switch System Information is missing",SWITCH_SYS_INFO_MISSING_EXT,0,1,1,1,0,0,1,0,72,1,1,Warning,1,300,0,Switch,"Could not retrieve system information for switch %s: %s.",Communication Error,0,"System Information for switch is missing",
407,"COMEX Ambient Temperature Threshold Reached",COMEX_TEMPERATURE_EXCESS,1,0,1,1,0,1,0,0,10,1,1,Minor,60,300,0,Switch,"COMEX Ambient Temperature threshold was exceeded. Threshold is %d, received value is %d.",Hardware,0,"Temperature detected by COMEX ambient sensor is too high, has exceeded the defined threshold",
502,"Device Upgrade Finished",PHY_UPG_FINISHED,0,1,1,1,0,0,1,0,10,0,0,Info,1,300,0,Device,"Device Upgrade has been completed successfully.",Maintenance,0,"Device SW or FW Upgrade has finished",
506,"Device Upgrade Finished",PHY_UPG_FINISHED_ON_SWITCH,0,1,1,1,0,0,1,0,10,0,0,Info,1,300,0,Device,"Switch Upgrade has been completed successfully. Please reboot the switch for changes to take effect.",Maintenance,0,"Device SW or FW Upgrade has finished",
508,"Core Dump Created",CORE_DUMP_CREATED,0,1,1,1,0,0,1,0,25,1,1,Info,1,300,0,Grid,"New core dump %s was just created.",Maintenance,0,"Core dump was created",
510,"SM Failover",SM_FAILOVER,1,1,1,0,0,0,1,0,22,1,1,Critical,1,300,0,Grid,"SM Failover. New SM is running on %s, GUID %s",Fabric Notification,0,"SM Failover",
511,"SM State Change",SM_STATE_CHANGE,0,1,1,0,0,0,1,0,24,1,1,Info,1,300,0,Grid,"The state of SM is changed to %s",Fabric Notification,0,"SM state is changed",
512,"SM UP",SM_Up,1,1,1,0,0,0,1,0,20,1,1,Info,1,300,0,Grid,"SM is UP on device %s, guid %s",Fabric Notification,0,"SM is UP",
513,"SM System Log Message",SM_SYS_LOG_MSG,1,1,1,0,0,0,1,0,23,1,1,Minor,1,300,0,Grid,"SM: %s",Fabric Notification,0,"SM System Log Message",
514,"SM LID Change",SM_LID_CHANGE,0,1,1,0,0,0,1,0,24,1,1,Warning,1,300,0,Grid,"SM lid of port %(guid)016x is changed",Fabric Notification,0,"SM lid is changed",
515,"Fabric Health Report Info",FABRIC_HEALTH_REPORT_INFO,0,1,1,1,0,0,1,0,26,1,1,Info,1,300,0,Grid,"FabricHealth Report completed without Errors or Warnings",Fabric Notification,0,"Fabric Health Report Info",
516,"Fabric Health Report Warning",FABRIC_HEALTH_REPORT_WARNING,0,1,1,1,0,0,1,0,27,1,1,Warning,1,300,0,Grid,"FabricHealth Report completed with %s Warnings",Fabric Notification,0,"Fabric Health Report Warning",
517,"Fabric Health Report Error",FABRIC_HEALTH_REPORT_ERROR,0,1,1,1,0,0,1,0,28,1,1,Critical,1,300,0,Grid,"FabricHealth Report completed with %s Errors and %s Warnings",Fabric Notification,0,"Fabric Health Report Error",
518,"UFM-related process is down",UFM_PROCESS_DOWN,0,0,1,1,0,0,1,0,29,1,1,Critical,1,300,0,Grid,"Process %s is down.",Maintenance,0,"UFM related process is down",
519,"Logs purge failure",LOGS_PURGE_FAILURE,0,0,1,1,0,0,1,0,30,1,1,Minor,1,300,0,Grid,"Failed purging database logs.",Maintenance,0,"Failed purging database logs",
520,"Restart of UFM-related process succeeded",RESTART_PROCESS_SUCCESS,0,0,1,1,0,0,1,0,31,1,1,Info,1,300,0,Grid,"Process %s was restarted successfully.",Maintenance,0,"UFM-related process was restarted successfully",
521,"UFM is being stopped",STOPPING_UFM,0,0,1,1,0,0,1,0,32,1,1,Critical,1,300,0,Grid,"Stopping UFM server now...",Maintenance,0,"Stopping UFM server",
522,"UFM is being restarted",RESTARTING_UFM,0,0,1,1,0,0,1,0,33,1,1,Critical,1,300,0,Grid,"Restarting UFM server now...",Maintenance,0,"Restarting UFM server",
523,"UFM failover is being attempted",ATTEMPTING_UFM_FAILOVER,0,0,1,1,0,0,1,0,34,1,1,Info,1,300,0,Grid,"Attempting UFM failover...",Maintenance,0,"Attempting UFM failover",
524,"UFM cannot connect to DB",CANNOT_CONNECT_TO_DB,0,0,1,1,0,0,1,0,35,1,1,Critical,1,300,0,Grid,"Connection to the database failed.",Maintenance,0,"Connection to the database failed",
525,"Disk utilization threshold reached",DISK_THRESHOLD_REACHED,0,0,1,1,0,0,1,0,36,1,1,Critical,1,300,0,Grid,"Disk space usage in %s is above the threshold of %d",Maintenance,0,"Disk utilization threshold reached",
526,"Memory utilization threshold reached",MEMORY_THRESHOLD_REACHED,0,0,1,1,0,0,1,0,37,1,1,Critical,1,300,0,Grid,"Memory usage is above the threshold of %d",Maintenance,0,"Memory utilization threshold reached",
527,"CPU utilization threshold reached",CPU_THRESHOLD_REACHED,0,0,1,1,0,0,1,0,38,1,1,Critical,1,300,0,Grid,"CPU usage is above the threshold of %d",Maintenance,0,"CPU utilization threshold reached",
528,"Fabric interface is down",FABRIC_IFACE_DOWN,0,0,1,1,0,0,1,0,39,1,1,Critical,1,300,0,Grid,"Fabric interface %s is down.",Maintenance,0,"Fabric interface is down",
529,"UFM standby server problem",UFM_STANDBY_PROBLEM,0,0,1,1,0,0,1,0,40,1,1,Critical,1,300,0,Grid,"Problem with UFM standby server: %s.",Maintenance,0,"UFM standby server problem",
530,"SM is down",SM_IS_DOWN,0,0,1,1,0,0,1,0,21,1,1,Critical,1,300,0,Grid,"SM is down (%s).",Maintenance,0,"SM is down",
531,"DRBD Bad Condition",DRBD_BAD_COND,0,0,1,1,0,0,1,0,41,1,1,Critical,1,300,0,Grid,"Drbd bad condition detected, failover or takeover will fail.",Maintenance,0,"DRBD Bad Condition",
532,"Remote UFM-SM Sync",EXTR_UFM_SM_SYNC,0,0,1,1,0,0,1,0,0,0,1,Info,1,0,0,Grid,"Remote UFM-SM %s sync succeeded",Maintenance,0,"Remote UFM-SM Sync",
533,"Remote UFM-SM problem",EXTR_UFM_SM_PROBLEM,0,0,1,1,0,0,1,0,59,1,1,Critical,1,0,0,Site,"%s",Maintenance,0,"Remote UFM-SM problem",
535,"MH Purge Failed",MH_PURGE_FAILED,0,0,1,1,0,0,1,0,42,1,1,Warning,1,300,0,Grid,"Monitoring history DB purge failed (%s)",Maintenance,0,"MH Purge Failed",
536,"UFM Health Watchdog Info",UFM_HEALTH_WATCHDOG_INFO,0,0,1,1,0,0,1,0,43,1,1,Info,1,300,0,Grid,"Message",Maintenance,0,"UFM Health Watchdog Info",
537,"UFM Health Watchdog Critical",UFM_HEALTH_WATCHDOG_CRITICAL,0,0,1,1,0,0,1,0,44,1,1,Critical,1,300,0,Grid,"Message",Maintenance,0,"UFM Health Watchdog Critical",
538,"Time Diff Between HA Servers",HA_TIME_DIFF,0,0,1,1,0,0,1,0,41,1,1,Warning,1,300,0,Grid,"Time difference between master and standby machines is above the threshold of %d seconds. Master time is: %s, standby time is: %s.",Maintenance,0,"Time Diff Between HA Servers",
539,"DRBD TCP Connection Performance",DRBD_BAD_CONNECTION_PERFORMANCE,0,0,1,1,0,0,1,0,74,1,1,Warning,1,900,0,Grid,"Message",Maintenance,0,"DRBD TCP Connection Performance",
540,"Daily Report Completed successfully",DAILY_REPORT_COMPLETED_SUCCESSFULLY,0,0,1,1,0,0,1,0,0,0,0,Info,1,300,0,Grid,"%s",Maintenance,0,"Daily Report Completed successfully",
541,"Daily Report Completed with Error",DAILY_REPORT_COMPLETED_WITH_ERROR,0,0,1,1,0,0,1,0,0,0,0,Minor,1,300,0,Grid,"%s",Maintenance,0,"Daily Report Completed with Error",
542,"Daily Report Failed",DAILY_REPORT_FAILED,0,0,1,1,0,0,1,0,0,0,0,Critical,1,300,0,Grid,"%s",Maintenance,0,"Daily Report Failed",
543,"Daily Report Mail Sent successfully",DAILY_REPORT_MAIL_SENT_SUCCESSFULLY,0,0,1,1,0,0,1,0,0,0,0,Info,1,300,0,Grid,"%s",Maintenance,0,"Daily Report Mail Sent successfully",
544,"Daily Report Mail Sent Failed",DAILY_REPORT_MAIL_SENT_FAIL,0,0,1,1,0,0,1,0,0,0,0,Minor,1,300,0,Grid,"%s",Maintenance,0,"Daily Report Mail Sent Failed",
545,"SM is not responding",SM_NOT_RESPONDING,0,0,1,1,0,0,1,0,78,1,1,Critical,1,300,0,Grid,"SM is not responding (%s).",Maintenance,0,"SM is not responding",
546,"Management interface is down",MGMT_IFC_DOWN,0,0,1,1,0,0,1,0,46,1,1,Critical,1,300,0,Grid,"Management interface %s is down.",Maintenance,0,"Management interface is down",
547,"UFM stopped polling SM for updates",STOP_POLLING_SM,0,0,1,1,0,0,1,0,78,1,1,Critical,1,300,0,Grid,"UFM stopped polling SM for updates for more than (%s) seconds.",Maintenance,0,"UFM stopped polling SM for updates",
548,"Failed to run generic script test",FAILED_TO_RUN_GENERIC_SCRIPT_TEST,0,0,1,1,0,0,1,0,29,1,1,Critical,1,300,0,Grid,"Failed to run generic script with name %s. Error: %s.",Maintenance,0,"Failed to run generic script test",
551,"General External Event Notification",GENERAL_EXTERNAL_EVENT_NOTIFICATION,0,1,1,1,0,0,1,0,75,1,1,Info,0,1,0,Grid,"%s",Maintenance,0,"General External Event Notification",
552,"General External Event Notice",GENERAL_EXTERNAL_EVENT_NOTICE,0,1,1,1,0,0,1,0,75,1,1,Minor,0,1,0,Grid,"%s",Maintenance,0,"General External Event Notice",
553,"General External Event Alert",GENERAL_EXTERNAL_EVENT_ALERT,0,1,1,1,0,0,1,0,75,1,1,Warning,0,1,0,Grid,"%s",Maintenance,0,"General External Event Alert",
554,"General External Event Error",GENERAL_EXTERNAL_EVENT_ERROR,0,1,1,1,0,0,1,0,75,1,1,Critical,0,1,0,Grid,"%s",Maintenance,0,"General External Event Error",
560,"User Connected", USER_CONNECTED, 0,0,1,1,0,0,1,0,0,0,0,Info,1,0,0,Grid,"User %s connected",Security,0,"User Connected",
561,"User Disconnected", USER_DISCONNECTED, 0,0,1,1,0,0,1,0,0,0,0,Info,1,0,0,Grid,"User %s disconnected",Security,0,"User Disconnected",
602,"UFM Server Failover",UFM_FAIL_OVER,0,0,1,1,0,0,1,0,10,1,1,Critical,1,0,0,Site,"Server %s failed, server %s took ownership",Fabric Notification,0,"UFM Server Failover",
603,"Events Suppression",EVENTS_SUPPRESSION,0,0,1,1,0,0,1,0,10,0,0,Critical,0,300,0,Site,"Due to high CPU utilization detected, %s events will be suppressed",Maintenance,0,"Events Suppression",
604,"Report Succeeded",REPORT_SUCCEEDED,0,0,1,1,0,0,0,0,0,0,1,Info,1,300,0,Grid,"%s Report succeeded",Maintenance,0,"Report Succeeded",
605,"Report Failed",REPORT_FAILED,0,0,1,1,0,0,1,0,45,1,1,Critical,1,300,0,Grid,"%s Report failed, %s",Maintenance,0,"Report Failed",
606,"Correction Attempts Paused",CORRECTION_ATTEMPTS_PAUSED,0,0,1,1,0,0,1,1,0,0,0,Warning,1,0,0,Site,"Correction attempts for a severe UFM health condition were unsuccessful and therefore are temporarily paused. UFM will resume the attempts later. Please see collected system state at: %s.",Fabric Notification,0,"Correction Attempts Paused",
610,"Monitoring History Enabled",MH_ENABLED,0,0,1,1,0,0,1,0,0,0,1,Info,1,300,0,Grid,"Monitoring History Enabled",Maintenance,0,"Monitoring History Enabled",
611,"Monitoring History Disabled",MH_DISABLED,0,0,1,1,0,0,1,0,0,0,1,Info,1,300,0,Grid,"Monitoring History Disabled",Maintenance,0,"Monitoring History Disabled",
612,"Monitoring History Bad Connection",MH_BAD_CONNECTION, 0,0,1,1,0,0,1,0,60,1,1,Critical,1,30,0,Grid,"Monitoring History failed connect to History DB",Maintenance,0,"Monitoring History Bad Connection",
613,"Monitoring History Connection Established",MH_CONNECTION_ESTABLISHED, 0,0,1,1,0,0,1,0,0,0,1,Info,1,30,0,Grid,"Monitoring History connection established",Maintenance,0,"Monitoring History Connection Established",
614,"Monitoring History Inconsistent Version",MH_BAD_VERSION,0,0,1,1,0,1,0,0,61,1,1,Critical,1,300,0,Grid,"Monitoring History inconsistent version, UFM version %s, MH version %s", Maintenance,0,"Monitoring History Inconsistent Version",
615,"Monitoring History Failed save metadata",MH_SAVE_METADATA_ERROR,0,0,1,1,0,0,1,0,62,1,1,Critical,1,300,0,Grid,"Monitoring History failed save %s session metadata, %s", Maintenance,0,"Monitoring History Failed save metadata",
616,"Monitoring History Failed update metadata",MH_UPDATE_METADATA_ERROR,0,0,1,1,0,0,1,0,63,1,1,Critical,1,300,0,Grid,"Monitoring History failed update %s session metadata, %s", Maintenance,0,"Monitoring History Failed update metadata",
617,"Monitoring History Failed save data",MH_SAVE_DATA_ERROR,0,0,1,1,0,0,1,0,64,1,1,Critical,1,300,0,Grid,"Monitoring History failed save %s session data, %s", Maintenance,0,"Monitoring History Failed save data",
618,"Monitoring History Failed get metadata",MH_GET_METADATA_ERROR,0,0,1,1,0,0,1,0,65,1,1,Critical,1,300,0,Grid,"Monitoring History failed get history metadata, %s", Maintenance,0,"Monitoring History Failed get metadata",
619,"Monitoring History Failed get data",MH_GET_DATA_ERROR,0,0,1,1,0,0,1,0,66,1,1,Critical,1,300,0,Grid,"Monitoring History failed get %s session history data, %s", Maintenance,0,"Monitoring History Failed get data",
620,"Monitoring History Failed remove file",MH_REMOVE_FILE_ERROR,0,0,1,1,0,0,1,0,67,1,1,Critical,1,300,0,Grid,"Monitoring History failed remove file %s, %s", Maintenance,0,"Monitoring History Failed remove file",
621,"Monitoring History version not matches UFM version",MH_MATCH_VERION_ERROR,0,0,1,1,0,0,1,0,68,1,1,Critical,1,300,0,Grid,"Monitoring History version %s not matches UFM version %s", Maintenance,0,"Monitoring History version not matches UFM version",
622,"Monitoring History Purge DB Occurred",MH_PURGE_DB_OCCURRED,1,1,1,1,0,0,1,0,69,1,1,Warning,1,5,0,Grid,"Purged monitoring history database due to lack of space on partition.",Fabric Notification,0,"Monitoring History Purge DB Occurred",
623,"Monitoring History Migration is not completed",MH_MIGRATION_NOT_COMPLETED,1,1,1,1,0,0,1,0,70,1,1,Warning,1,300,0,Grid,"Monitoring History Migration is not completed.",Maintenance,0,"Monitoring History Migration is not completed",
624,"Monitoring History partition utilization threshold reached",MH_DISK_THRESHOLD_REACHED,0,0,1,1,0,0,1,0,36,1,1,Critical,1,300,0,Grid,"Monitoring history local disk utilization is %d, the threshold is %d.",Maintenance ,0,"Monitoring History partition utilization threshold reached",
625,"Monitoring History local report files are about to be cleaned",MH_LOCAL_REPORTS_CLEAN,0,0,1,1,0,0,1,0,0,0,1,Info,1,300,0,Grid,"About to remove local reports of Monitoring history that were not accessed recently",Maintenance ,0,"Monitoring History local report files are about to be cleaned",
626,"Monitoring History oldest DB table is about to be removed",MH_OLDEST_TABLE_DROP,0,0,1,1,0,0,1,0,0,0,1,Info,1,300,0,Grid,"About to drop the oldest DB table of Monitoring history",Maintenance,0,"Monitoring History oldest DB table is about to be removed",
627,"Monitoring History partition is not mounted",MH_PART_NOT_MOUNTED,0,0,1,1,0,0,1,0,0,0,1,Critical,1,300,0,Grid,"Monitoring history partition %s is not mounted",Maintenance,0,"Monitoring History partition is not mounted",
701,"Non-optimal Link Speed",PHY_NON_OPTIMAL_SPEED,0,1,1,1,0,0,1,0,5,1,1,Minor,1,0,0,Port,"Found a %s link that operates in %s speed mode.",Hardware,0,"Non-optimal Link Speed",
702,"Unhealthy IB Port",UNHEALTHY_IB_PORT,0,1,1,1,0,0,1,0,71,1,1,Warning,1,0,0,Port,"Peer Port %s is considered by SM as unhealthy due to %s.",Hardware,0,"Unhealthy IB Port",
703,"Fabric Collector Connected",FC_CONNECTED,0,0,1,1,0,0,1,0, 0,0,0,Info,1,0,0,Grid,"Fabric collector on host '%s' has been connected",Maintenance,0,"Fabric Collector Connected",
704,"Fabric Collector Disconnected",FC_DISCONNECTED,0,0,1,1,0,0,1,0,73,1,1,Critical,1,0,0,Grid,"Fabric collector on host '%s' has been disconnected",Maintenance,0,"Fabric Collector Disconnected",
750,"High data retransmission count on port",HIGH_DATA_RETRANSMISSION,0,1,1,1,0,0,1,0,76,1,1,Warning,500,0,0,Port,"High number of data retransmissions was detected on port %s. Cable might need to be replaced.",Hardware,0,"High number of data retransmissions",
801,"Drop Events",SNMP_DROP_EVENTS,1,2,1,1,0,0,1,0,3,1,1,Minor,200,300,0,Port,"Drop Events counter rate threshold was exceeded.  Threshold is %d, received value is %d.",Communication Error,0,"Drop Events",
802,"CRC Align Errors",SNMP_CRC_ALIGN_ERRORS,1,2,1,1,0,0,1,0,3,1,1,Minor,200,300,0,Port,"CRC Align Errors counter rate threshold was exceeded. Threshold is %d, received value is %d.",Communication Error,0,"CRC Align Errors",
803,"Undersize Pkts",SNMP_UNDERSIZE_PKTS,1,2,1,1,0,0,1,0,3,1,1,Minor,200,300,0,Port,"Undersize Packets counter rate threshold was exceeded. Threshold is %d, received value is %d.",Communication Error,0,"Undersize Pkts",
804,"Oversize Pkts",SNMP_OVERSIZE_PKTS,1,2,1,1,0,0,1,0,3,1,1,Minor,200,300,0,Port,"Oversize Packets counter rate threshold was exceeded. Threshold is %d, received value is %d.",Communication Error,0,"Oversize Pkts",
805,"Fragments",SNMP_FRAGMENTS,1,2,1,1,0,0,1,0,3,1,1,Minor,200,300,0,Port,"Fragments counter rate threshold was exceeded. Threshold is %d, received value is %d.",Communication Error,0,"Fragments",
806,"Jabbers",SNMP_JABBERS,1,2,1,1,0,0,1,0,3,1,1,Minor,200,300,0,Port,"Jabbers counter rate threshold was exceeded. Threshold is %d, received value is %d.",Communication Error,0,"Jabbers",
807,"Collisions",SNMP_COLLISIONS,1,2,1,1,0,0,1,0,3,1,1,Minor,200,300,0,Port,"Collisions counter rate threshold was exceeded. Threshold is %d, received value is %d.",Communication Error,0,"Collisions",
808,"Alignment Errors",SNMP_HCALIGNMENT_ERRORS,1,2,1,1,0,0,1,0,3,1,1,Minor,200,300,0,Port,"Alignment Errors counter rate threshold was exceeded. Threshold is %d, received value is %d.",Communication Error,0,"Alignment Errors",
809,"FCS Errors",SNMP_HCFCSERRORS,1,2,1,1,0,0,1,0,3,1,1,Minor,200,300,0,Port,"FCS Errors counter rate threshold was exceeded. Threshold is %d, received value is %d.",Communication Error,0,"FCS Errors",
810,"Single Collision Frames",SNMP_SINGLE_COLLISION_FRAMES,1,2,1,1,0,0,1,0,3,1,1,Minor,200,300,0,Port,"Single Collision Frames counter rate threshold was exceeded. Threshold is %d, received value is %d.",Communication Error,0,"Single Collision Frames",
811,"Multiple Collision Frames",SNMP_MULTIPLE_COLLISION_FRAMES,1,2,1,1,0,0,1,0,3,1,1,Minor,200,300,0,Port,"Multiple Collision Frames counter rate threshold was exceeded. Threshold is %d, received value is %d.",Communication Error,0,"Multiple Collision Frames",
812,"SQE Test Errors",SNMP_SQETEST_ERRORS,1,2,1,1,0,0,1,0,3,1,1,Minor,200,300,0,Port,"SQE Test Errors counter rate threshold was exceeded. Threshold is %d, received value is %d.",Communication Error,0,"SQE Test Errors",
813,"Deferred Transmissions",SNMP_DEFERRED_TRANSMISSIONS,1,2,1,1,0,0,1,0,3,1,1,Minor,200,300,0,Port,"Deferred Transmissions counter rate threshold was exceeded. Threshold is %d, received value is %d.",Communication Error,0,"Deferred Transmissions",
814,"Late Collisions",SNMP_LATE_COLLISIONS,1,2,1,1,0,0,1,0,3,1,1,Minor,200,300,0,Port,"Late Collisions counter rate threshold was exceeded. Threshold is %d, received value is %d.",Communication Error,0,"Late Collisions",
815,"Excessive Collisions",SNMP_EXCESSIVE_COLLISIONS,1,2,1,1,0,0,1,0,3,1,1,Minor,200,300,0,Port,"Excessive Collisions counter rate threshold was exceeded. Threshold is %d, received value is %d.",Communication Error,0,"Excessive Collisions",
816,"Internal Mac Transmit Errors",SNMP_HCINTERNAL_MAC_TRANSMIT_ERRORS,1,2,1,1,0,0,1,0,3,1,1,Minor,200,300,0,Port,"Internal MAC Transmit Error counter rate threshold was exceeded. Threshold is %d, received value is %d.",Communication Error,0,"Internal Mac Transmit Errors",
817,"Internal Mac Receive Errors",SNMP_HCINTERNALMACRECEIVEERRORS,1,2,1,1,0,0,1,0,3,1,1,Minor,200,300,0,Port,"Internal MAC Receive Error counter rate threshold was exceeded. Threshold is %d, received value is %d.",Communication Error,0,"Internal Mac Receive Errors",
818,"Carrier Sense Errors",SNMP_CARRIER_SENSE_ERRORS,1,2,1,1,0,0,1,0,3,1,1,Minor,200,300,0,Port,"Carrier Sense Error counter rate threshold was exceeded. Threshold is %d, received value is %d.",Communication Error,0,"Carrier Sense Errors",
819,"Frame Too Longs",SNMP_HCFRAME_TOO_LONGS,1,2,1,1,0,0,1,0,3,1,1,Minor,200,300,0,Port,"Too Long Frames counter rate threshold was exceeded. Threshold is %d, received value is %d.",Communication Error,0,"Frame Too Longs",
820,"Symbol Errors",SNMP_HCSYMBOL_ERRORS,1,2,1,1,0,0,1,0,3,1,1,Minor,200,300,0,Port,"Symbol Errors counter rate threshold was exceeded. Threshold is %d, received value is %d.",Communication Error,0,"Symbol Errors",
901,"Fabric Configuration Started",FABRIC_CONFIG_STARTED,0,0,1,0,0,0,1,0,0,0,1,Info,1,0,0,Grid,"Fabric Configuration started.",Fabric Notification,0,"Fabric Configuration Started",
902,"Fabric Configuration Completed",FABRIC_CONFIG_COMPLETED,0,0,1,0,0,0,1,0,0,0,1,Info,1,0,0,Grid,"Fabric Configuration completed.",Fabric Notification,0,"Fabric Configuration Completed",
903,"Fabric Configuration Failed",FABRIC_CONFIG_FAILED,0,0,1,0,0,0,1,0,0,0,1,Critical,1,0,0,Grid,"Fabric Configuration failed. (Please see log for more details)",Fabric Notification,0,"Fabric Configuration Failed",
904,"Device Configuration Failure",DEVICE_CONFIG_ACTION_FAILED,0,0,1,0,0,0,1,0,19,1,1,Critical,1,0,0,Device,"Configuration action on device - %s (%s) failed. (Please see log for more details)",Fabric Notification,0,"Device Configuration Failure",
905,"Device Configuration Timeout",DEVICE_CONFIG_ACTION_TIMEOUT,0,0,1,0,0,0,1,0,19,1,1,Critical,1,0,0,Device,"Configuration action on device - %s (%s) Got timeout. (Please see log for more details)",Fabric Notification,0,"Device Configuration Timeout",
906,"Provisioning Validation Failure",PROVISIONING_VALIDATION_FAILURE,0,0,1,0,0,0,1,0,0,0,1,Critical,1,0,0,Grid,"Provisioning validation of fabric failed. (Please see log for more details)",Fabric Notification,0,"Provisioning Validation Failure",
907,"Switch is Down",SWITCH_FAILURE,0,0,1,1,0,0,1,0,10,1,1,Critical,1,0,0,Site,"Site configuration changes: %s Switch is Down",Fabric Topology,0,"Switch is disconnected or down",
908,"Switch is Up",SWITCH_OK,0,0,1,1,0,0,1,0,10,1,1,Info,1,300,0,Site,"Site configuration changes: %s Switch is Up",Fabric Topology,0,"Switch is connected or up",
909,"Director Switch is Down",DIRECTOR_SWITCH_DOWN,0,0,1,1,0,0,1,0,10,1,1,Critical,1,0,0,Site,"Site configuration changes: %s Director Switch is Down",Fabric Topology,0,"Director Switch is disconnected or down",
910,"Director Switch is Up",DIRECTOR_SWITCH_UP,0,0,1,1,0,0,1,0,10,1,1,Info,1,300,0,Site,"Site configuration changes: %s Director Switch is Up",Fabric Topology,0,"Director Switch is connected or up",
911,"Module Temperature Low Threshold Reached",MODULE_TEMPERATURE_EXCESS_LOW_THRESHOLD,1,0,1,1,0,1,0,0,10,1,1,Warning,60,300,0,Module,"Module Temperature threshold was exceeded. Sensor id is %d Threshold is %d, received value is %d.",Hardware,0,"Temperature detected by module sensor is too high, has exceeded the low threshold",
912,"Module Temperature High Threshold Reached",MODULE_TEMPERATURE_EXCESS_HIGH_THRESHOLD,1,0,1,1,0,1,0,0,10,1,1,Critical,60,300,0,Module,"Module Temperature threshold was exceeded. Sensor id is %d Threshold is %d, received value is %d.",Hardware,0,"Temperature detected by module sensor is too high, has exceeded the high threshold",
913,"Module High Voltage","MODULE_HIGH_VOLTAGE",0,0,1,1,0,0,1,0,79,1,1,"Warning",10,420,0,"Switch","Voltage of Sensor %s on %s(%s) value %s exceeded the threshold %s","Module Status",0,"Sensor Voltage Threshold Exceeded",
914,"Module High Current","MODULE_HIGH_CURRENT",0,0,1,1,0,0,1,0,80,1,1,"Warning",10,420,0,"Switch","Current of Sensor %s on %s(%s) exceeded the threshold %s","Module Status",0,"Sensor Current Threshold Exceeded",
915,"Critical BER reported","BER_ERROR",0,0,1,1,0,0,1,0,80,0,1,"Critical",10,420,0,"PORT","Effective BER Error on Port (%s)  exceeded critical threshold (%s)","Hardware",0,"Effective BER Error on Port exceeded critical threshold",
916,"High BER reported","BER_WARNING",0,0,1,1,1,0,0,0,80,0,1,"Warning",10,420,0,"PORT","Effective BER Warning  on Port (%s)  exceeded warning  threshold (%s)","Hardware",0,"Effective BER Warning on Port exceeded warning threshold",
917,"Critical Symbol BER reported","SYMBOL_BER_ERROR",0,0,1,1,0,0,1,0,80,0,1,"Critical",10,420,0,"PORT","Symbol BER Error on Port (%s)  exceeded critical threshold (%s)","Hardware",0,"Symbol BER Error on Port exceeded critical threshold",
918,"High Symbol BER reported","SYMBOL_BER_WARNING",0,0,1,1,1,0,0,0,80,0,1,"Warning",10,420,0,"PORT","Symbol BER Warning  on Port (%s)  exceeded warning  threshold (%s)","Hardware",0,"Symbol BER Warning on Port exceeded warning threshold",
1300,"SA Key violation", SM_SAKEY_VIOLATION,1,1,1,1,0,0,1,0,4,1,1,Warning,5,300,0,Port,"SA Key violation committed by, SLID: %(slid)d, Attribute:%(attribute)d, Method:%(method)d, SGID_PREFIX:%(sgid_prefix)s, SGID_INTERFACE:%(sgid_interface)s, PORT:%(port)d, SA_KEY: %(sa_key)d","Security",0,"SA Key Volation Committed",
1301,"SGID Spoofed",SM_SGID_SPOOFED,1,1,1,1,0,0,1,0,4,1,1,Warning,5,300,0,"Port","SGID spoofed by, LID:%(slid)d, Attribute:%(attribute)d, Method:%(method)d, Spoofed_SGID_Prefix:%(spoofed_sgid_prefix)d, Port:%(port)d","Security",0,"SGID spoofed by VPort/port",
1302,"SA High Rate detected",SM_SA_RATE_LIMIT_EXCEEDED,1,1,1,1,0,0,1,0,4,1,1,Warning,5,300,0,"Port","SA Rate Limit Exceeded by , SGID_PREFIX: %(sgid_prefix)s, SGID_INTERFACE: %(sgid_interface)s, Port:%(port)d","Security",0,"Rate Limit Exceeded",
1303,"Multicast subscriptions over limit",SM_MULTICAST_GROUPS_LIMIT_EXCEEDED,1,1,1,1,0,0,1,0,4,1,1,Warning,5,300,0,"Port","Number of Multicast subscriptions over limit for, SGID_PREFIX: %(sgid_prefix)s, SGID_INTERFACE: %(sgid_interface)s, Port:%(port)d, Target_GUID: %(target_guid)d, PHYSP_TARGET_GUID:%(physp_target_guid)d","Security",0,"Multicast Groups Limit Exceeded",
1304,"Service Record subscriptions over limit",SM_SERVICES_LIMIT_EXCEEDED,1,1,1,1,0,0,1,0,4,1,1,Warning,5,300,0,"Port","Number of Services Records over limit for, SGID_PREFIX: %(sgid_prefix)s, SGID_INTERFACE: %(sgid_interface)s, Port:%(port)d, Target_GUID: %(target_guid)d, PHYSP_TARGET_GUID:%(physp_target_guid)d","Security",0,"Services Limit Exceeded",
1305,"Event subscriptions over limit",SM_EVENT_SUBSCRIPTION_LIMIT_EXCEEDED,1,1,1,1,0,0,1,0,4,1,1,Warning,5,300,0,"Port","Number of event subscriptions over limit  for, SGID_PREFIX: %(sgid_prefix)s, SGID_INTERFACE: %(sgid_interface)s, Port:%(port)d, Target_GUID: %(target_guid)d, PHYSP_TARGET_GUID:%(physp_target_guid)d","Security",0,"Event Subscription Limit Exceeded",
1306,"Unallowed SM was detected in the fabric",UNALLOWED_SM_WAS_DETECTED,1,1,1,1,0,0,1,0,4,1,1,Warning,0,300,0,"Port","Unallowed SM was detected in the fabric: Lid = %(LID)d, Guid = %(UNAUTHORIZED_SM_GUID)s","Fabric Notification",0,"Unallowed SM was detected in the fabric",
1307,"SMInfo SET request was received from unallowed SM",SMINFO_SET_REQUEST_WAS_RECEIVED_FROM_UNALLOWED_SM,1,1,1,1,0,0,1,0,4,1,1,Warning,0,300,0,"Port","SMInfo SET request was received from unallowed SM, detected in the fabric: Lid = %(LID)d, Guid = %(UNAUTHORIZED_SM_GUID)s","Fabric Notification",0,"SMInfo SET request was received from unallowed SM",
1309,"SM was detected with non-matching SMKey",SM_WAS_DETECTED_WITH_NON_MATCHING_SMKEY,1,1,1,1,0,0,1,0,4,1,1,Warning,0,300,0,"Port","SM was detected with non-matching SMKey: Lid = %(LID)d, Source-GUID = %(PHYSP_SGUID)s","Fabric Notification",0,"SM was detected with non-matching SMKey",
1310,"Duplicated node GUID was detected",DUPLICATED_NODE_GUID_DETECTED,1,1,1,1,0,0,1,0,4,1,1,Critical,1,0,0,"Device","Duplicated node GUID was detected: NODE_GUID = %(node_guid)s, PEER_NODE_GUID_1 = %(peer_node_guid_1)s, PEER_PORT_1 = %(peer_port_1)d, PEER_NODE_GUID_2 = %(peer_node_guid_2)s, PEER_PORT_2 = %(peer_port_2)d.","Fabric Notification",0,"Duplicated node GUID was detected",
1311,"Duplicated port GUID was detected",DUPLICATED_PORT_GUID_DETECTED,1,1,1,1,0,0,1,0,4,1,1,Critical,1,0,0,"Port","Duplicated port GUID was detected: PORT_GUID = %(port_guid)s, NODE_GUID_1 = %(node_guid_1)s, PORT_1 = %(port_1)d, NODE_GUID_2 = %(node_guid_2)s, PORT_2 = %(port_2)d","Fabric Notification",0,"Duplicated port GUID was detected",
1312,"Switch was Rebooted",SWITCH_WAS_REBOOTED,1,1,1,1,0,0,1,0,4,1,1,Info,1,0,0,"Device","Switch was rebooted: NODE_GUID = %(node_guid)s.","Fabric Notification",0,"Switch was Rebooted",
1400,"High Ambient Temperature",COOLING_DEV_HIGH_AMBIENT_TEMP,0,1,1,1,0,0,1,0,81,1,1,Warning,0,86400,0,Switch,"%s",Hardware,0,"High Ambient Temperature",
1401,"High Fluid Temperature",COOLING_DEV_HIGH_FLUID_TEMP,0,1,1,1,0,0,1,0,81,1,1,Warning,0,86400,0,Switch,"%s",Hardware,0,"High Fluid Temperature",
1402,"Low Fluid Level",COOLING_DEV_LOW_FLUID_LEVEL,0,1,1,1,0,0,1,0,81,1,1,Warning,0,86400,0,Switch,"%s",Hardware,0,"Low Fluid Level",
1403,"Low Supply Pressure",COOLING_DEV_LOW_SUPPLY_PRESS,0,1,1,1,0,0,1,0,81,1,1,Warning,0,86400,0,Switch,"%s",Hardware,0,"Low Supply Pressure",
1404,"High Supply Pressure",COOLING_DEV_HIGH_SUPPLY_PRESS,0,1,1,1,0,0,1,0,81,1,1,Warning,0,86400,0,Switch,"%s",Hardware,0,"High Supply Pressure",
1405,"Low Return Pressure",COOLING_DEV_LOW_RETURN_PRESS,0,1,1,1,0,0,1,0,81,1,1,Warning,0,86400,0,Switch,"%s",Hardware,0,"Low Return Pressure",
1406,"High Return Pressure",COOLING_DEV_HIGH_RETURN_PRESS,0,1,1,1,0,0,1,0,81,1,1,Warning,0,86400,0,Switch,"%s",Hardware,0,"High Return Pressure",
1407,"High Differential Pressure",COOLING_DEV_HIGH_DIFF_PRESS,0,1,1,1,0,0,1,0,81,1,1,Warning,0,86400,0,Switch,"%s",Hardware,0,"High Differential Pressure",
1408,"Low Differential Pressure",COOLING_DEV_LOW_DIFF_PRESS,0,1,1,1,0,0,1,0,81,1,1,Warning,0,86400,0,Switch,"%s",Hardware,0,"Low Differential Pressure",
1409,"System Fail Safe",COOLING_DEV_SYSTEM_FAIL_SAFE,0,1,1,1,0,0,1,0,81,1,1,Warning,0,86400,0,Switch,"%s",Hardware,0,"System Fail Safe",
1410,"Fault Critical",COOLING_DEV_FAULT_CRITICAL,0,1,1,1,0,0,1,0,81,1,1,Critical,0,86400,0,Switch,"%s",Hardware,0,"Fault Critical",
1411,"Fault Pump1",COOLING_DEV_FAULT_PUMP1,0,1,1,1,0,0,1,0,81,1,1,Critical,0,86400,0,Switch,"%s",Hardware,0,"Fault Pump1",
1412,"Fault Pump2",COOLING_DEV_FAULT_PUMP2,0,1,1,1,0,0,1,0,81,1,1,Critical,0,86400,0,Switch,"%s",Hardware,0,"Fault Pump2",
1413,"Fault Fluid Level Critical",COOLING_DEV_FLUID_LEVEL_CRIT,0,1,1,1,0,0,1,0,81,1,1,Critical,0,86400,0,Switch,"%s",Hardware,0,"Fault Fluid Level Critical",
1414,"Fault Fluid Over Temperature",COOLING_DEV_FLUID_OVERTEMP,0,1,1,1,0,0,1,0,81,1,1,Critical,0,86400,0,Switch,"%s",Hardware,0,"Fault Fluid Over Temperature",
1415,"Fault Primary DC",COOLING_DEV_FAULT_PRIMARY_DC,0,1,1,1,0,0,1,0,81,1,1,Critical,0,86400,0,Switch,"%s",Hardware,0,"Fault Primary DC",
1416,"Fault Redundant DC",COOLING_DEV_FAULT_REDUND_DC,0,1,1,1,0,0,1,0,81,1,1,Critical,0,86400,0,Switch,"%s",Hardware,0,"Fault Redundant DC",
1417,"Fault Fluid Leak",COOLING_DEV_FAULT_FLUID_LEAK,0,1,1,1,0,0,1,0,81,1,1,Critical,0,86400,0,Switch,"%s",Hardware,0,"Fault Fluid Leak",
1418,"Fault Sensor Failure",COOLING_DEV_SENSOR_FAILURE,0,1,1,1,0,0,1,0,81,1,1,Critical,0,86400,0,Switch,"%s",Hardware,0,"Fault Sensor Failure",
1419,"Cooling Device Monitoring Error",COOLING_DEV_MONITOR_ERROR,0,1,1,1,0,0,1,0,0,0,0,Critical,0,1,0,Grid,"%s",Hardware,0,"Cooling Device Monitoring Error",
1420,"Cooling Device Communication Error",COOLING_DEV_COMM_ERROR,0,1,1,1,0,0,1,0,81,1,1,Critical,0,86400,0,Switch,"%s",Hardware,0,"Cooling Device Communication Error",
1500,"New Cable Detected",CABLE_ADDED,0,0,1,1,0,0,1,0,10,0,0,Info,1,0,0,Site,"New cable S/N: %s is detected",Security,0,"New cable was detected",
1502,"Cable detected in a new location",CABLE_NEW_LOCATION,0,0,1,1,0,0,1,0,10,0,0,Warning,1,0,0,Site,"Cable S/N: %s detected in a new location",Security,0,"Cable detected in a new location",
1503,"Duplicate Cable Detected",CABLE_DUP_SERIAL,0,0,1,1,0,0,1,0,10,0,0,Critical,1,0,0,Site,"Duplicate cable S/N: %s detected",Security,0,"Duplicate Cable S/N",
1504,"SHARP Allocation Succeeded",SHARP_ALLOCATION_SUCCEED,0,0,0,1,0,0,1,0,10,0,0,Info,1,0,0,Grid,"Create SHARP reservation for app_id = %s completed successfully.",SHARP,0,"Create SHARP allocation has succeeded",
1505,"SHARP Allocation Failed",SHARP_ALLOCATION_FAILED,0,0,0,1,0,0,1,0,10,0,0,Warning,1,0,0,Grid,"Create SHARP reservation for app_id = %s Failed, Reason: %s",SHARP,0,"Create SHARP allocation has failed",
1506,"SHARP Deallocation Succeeded",SHARP_DEALLOCATION_SUCCEED,0,0,0,1,0,0,1,0,10,0,0,Info,1,0,0,Grid,"Delete SHARP reservation for app_id = %s completed successfully.",SHARP,0,"Delete SHARP allocation has succeeded",
1507,"SHARP Deallocation Failed",SHARP_DEALLOCATION_FAILED,0,0,0,1,0,0,1,0,10,0,0,Warning,1,0,0,Grid,"Delete SHARP reservation for app_id = %s Failed, Reason: %s",SHARP,0,"Delete SHARP allocation has failed",
1508,"Device Collect System Dump Started",COLLECT_SYSTEM_DUMP_STARTED_ON_DEVICE,0,1,1,1,0,0,1,0,10,0,0,Info,1,300,0,Device,"Device collect system dump for %s has started",Maintenance,0,"Device collect system dump process has started",
1509,"Device Collect System Dump Finished",COLLECT_SYSTEM_DUMP_FINISHED_ON_DEVICE,0,1,1,1,0,0,1,0,10,0,0,Info,1,300,0,Device,"Device collect system dump on device %s has been completed successfully.",Maintenance,0,"Device collect system dump has finished",
1510,"Device Collect System Dump Error",COLLECT_SYSTEM_DUMP_FAILED_ON_DEVICE,0,1,1,1,0,0,1,0,10,0,0,Critical,1,300,0,Device,"Collect System Dump on Device %s (%s) failed",Maintenance,0,"Device collect system dump failed",
1511,"Virtual Port Added",VIRTUAL_PORT_ADDED,0,1,1,1,0,0,1,0,10,0,0,Info,1,0,0,Port,"Virtual Port %s was added to %s  port_guid=%s",Fabric Notification,0,"Virtual Port Added",
1512,"Virtual Port Removed",VIRTUAL_PORT_REMOVED,0,1,0,1,0,0,1,0,10,0,0,Warning,1,0,0,Port,"Virtual Port %s was removed from %s  port_guid=%s",Fabric Notification,0,"Virtual Port Removed",
1513,"Burn Cables Transceivers Started",BURN_CABLES_TRANSCEIVERS_STARTED,0,0,0,1,0,0,1,0,10,0,0,Info,1,0,0,Device,"Burn cables transceivers for %s lid-%s has been started.",Maintenance,0,"Burn cables transceivers process has been started",
1514,"Burn Cables Transceivers Finished",BURN_CABLES_TRANSCEIVERS_FINISHED,0,0,0,1,0,0,1,0,10,0,0,Info,1,0,0,Device,"Burn cables transceivers on device %s lid-%s has been completed successfully.",Maintenance,0,"Burn cables transceivers has been finished",
1515,"Burn Cables Transceivers Failed",BURN_CABLES_TRANSCEIVERS_ERROR,0,0,0,1,0,0,1,0,10,0,0,Warning,1,0,0,Device,"Burn cables transceivers on Device %s (%s) lid-%s has been failed.",Maintenance,0,"Burn cables transceivers has been failed",
1516,"Activate Cables Transceivers FW Finished",ACTIVATE_CABLES_TRANSCEIVERS_FW_FINISHED,0,0,0,1,0,0,1,0,10,0,0,Info,1,0,0,Device,"Activate cables transceivers FW on device %s lid-%s has been completed successfully.",Maintenance,0,"Activate cables transceivers FW has been finished",
1517,"Activate Cables Transceivers FW Failed",ACTIVATE_CABLES_TRANSCEIVERS_FW_ERROR,0,0,0,1,0,0,1,0,10,0,0,Warning,1,0,0,Device,"Activate cables transceivers FW on Device %s (%s) lid-%s has been failed.",Maintenance,0,"Activate cables transceivers FW has been failed",
1520,"Aggregation Node Discovery Failed",AGGREGATION_NODE_DISCOVERY_FAILED,0,0,0,1,0,0,1,0,10,0,0,Critical,1,0,0,SHARP AM,"",SHARP,0,"",
1521,"Job Started",JOB_STARTED,0,0,0,1,0,0,1,0,10,0,0,Info,1,0,0,SHARP AM,"",SHARP,0,"",
1522,"Job Ended",JOB_ENDED,0,0,0,1,0,0,1,0,10,0,0,Info,1,0,0,SHARP AM,"",SHARP,0,"",
1523,"Job Start Failed",JOB_START_FAILED,0,0,0,1,0,0,1,0,10,0,0,Critical,1,0,0,SHARP AM,"",SHARP,0,"",
1524,"Job Error",JOB_ERROR,0,0,0,1,0,0,1,0,10,0,0,Critical,1,0,0,SHARP AM,"",SHARP,0,"",
1525,"Trap QP Error",TRAP_QP_ERROR,0,0,0,1,0,0,1,0,10,0,0,Critical,1,0,0,SHARP AM,"",SHARP,0,"",
1526,"Trap Invalid Request",TRAP_INVALID_REQUEST,0,0,0,1,0,0,1,0,10,0,0,Critical,1,0,0,SHARP AM,"",SHARP,0,"",
1527,"Trap Sharp Error",TRAP_SHARP_ERROR,0,0,0,1,0,0,1,0,10,0,0,Critical,1,0,0,SHARP AM,"",SHARP,0,"",
1528,"Trap QP Alloc timeout",TRAP_QP_ALLOC_TIMEOUT,0,0,0,1,0,0,1,0,10,0,0,Critical,1,0,0,SHARP AM,"",SHARP,0,"",
1529,"Trap AMKey Violation",TRAP_AMKEY_VIOLATION,0,0,0,1,0,0,1,0,10,0,0,Critical,1,0,0,SHARP AM,"",SHARP,0,"",
1530,"Unsupported Trap",UNSUPPORTED_TRAP,0,0,0,1,0,0,1,0,10,0,0,Critical,1,0,0,SHARP AM,"",SHARP,0,"",
1531,"Reservation Updated",RESERVATION_UPDATED,0,0,0,1,0,0,1,0,10,0,0,Info,1,0,0,SHARP AM,"",SHARP,0,"",
1532,"Sharp is not Responding",SHARP_NOT_RESPONDING,0,0,0,1,0,0,1,0,10,1,1,Critical,1,300,0,SHARP AM,"SHARP Aggregation Manager is not responsive",SHARP,0,"SHARP Aggregation Manager is not responsive",
1533,"Agg Node Active",AGG_NODE_ACTIVE,0,0,0,1,0,0,1,0,10,0,0,Info,1,0,0,SHARP AM,"",SHARP,0,"",
1534,"Agg Node Inactive",AGG_NODE_INACTIVE,0,0,0,1,0,0,1,0,10,0,0,Warning,1,0,0,SHARP AM,"",SHARP,0,"",
1535,"Trap AMKey Violation Triggered by AM",TRAP_AMKEY_VIOLATION_TRIGGERED_BY_AM,0,0,0,1,0,0,1,0,10,0,0,Warning,1,0,0,SHARP AM,"",SHARP,0,"",
1550,"Guids Were Added to Pkey",GUIDS_ADDED_TO_PKEY,0,0,0,1,0,0,1,0,10,0,0,Info,1,0,0,Port,"%d Guids were added to Pkey %s",Fabric Configuration,0,"Guids Were Added to Pkey",
1551,"Guids Were Removed from Pkey",GUIDS_REMOVED_FROM_PKEY,0,0,0,1,0,0,1,0,10,0,0,Info,1,0,0,Port,"%d Guids were removed from pkey %s",Fabric Configuration,0,"Guids Were Removed from Pkey",
1600,"VS/CC Classes Key Violation", VS_CC_CLASSES_KEY_VIOLATON,0,0,0,1,0,0,1,0,10,0,0,Warning,1,0,0,Port,"Bad %(mclass)s key committed by SLID: %(slid)d, Attribute_ID: %(attribute_id)d, Method: %(method)d, SGID_PREFIX: %(sgid_prefix)s, SGID_INTERFACE: %(sgid_interface)s, PHYSP_SGUID: %(physp_sguid)s","Security",0,"VS/CC Classes Key Violation Committed",
919,"Cable Temperature High",CABLE_HIGH_TEMPERATURE,1,0,1,1,1,1,1,0,10,1,1,Critical,0,0,0,Port,"%s",Hardware,0,"Cable Temperature is High",
920,"Cable Temperature Low",CABLE_LOW_TEMPERATURE,1,0,1,1,1,1,1,0,10,1,1,Critical,0,0,0,Port,"%s",Hardware,0,"Cable Temperature is Low",
